Alyrata	GTTCAAGACAGCTTTAGA	478824	-19.3	3
Athaliana	GTTCAAGATAGCTTTGGA	AT3G14110.3	-25.5	2
Bdistachyon	GTTCAGAACAGCTCTGGA	Bradi3g47280.1	-20	4
Brapa	GTTCAAGACAGCTTTGGA	Bra027372	-25	2
Brapa	GTTCAAGATCGCTTTGGA	Bra001535	-24.8	3
Crubella	GTTCAAGATAGCTCTGGA	Carubv10014220m	-25.5	2
Fvesca	GTTTAAGGCAGCTTTGGA	mrna05387.1-v1.0-hybrid	-22	4
Graimondii	GTTTAAGACAGCACTGGA	Gorai.009G145200.1	-20	4
Mdomestica	GTTTAAGACAGCTCTTGA	MDP0000147537	-17.1	4
Mesculenta	GTTTAAGACAGCTCTTGA	cassava4.1_011752m	-17.1	4
Pvirgatum	GTTCAGGACAGCTCTGGA	Pavirv00067966m	-24.7	3
Ppersica	GTTTAAGACAGCTCTTGA	ppa009182m	-17.1	4
Sitalica	GTTCAGGACAGCTCTGGA	Si017729m	-24.7	3
Sitalica	GTTCAAGGCAGCTCTTGA	Si002267m	-18.5	4
Sbicolor	GTTCAGAACAGCTTTGGA	Sb04g024370.1	-20	4
Thalophila	GTTCAAGATAGCTTTGGA	Thhalv10021156m	-25.5	2
Tcacao	GTTTAAGACAGCCCTGGA	Thecc1EG029180t2	-20.2	4
Vvinifera	GTTTAAGACAGCTCTTGA	GSVIVT01016719001	-17.1	4
Zmays	GTTCAGAACAGCTCTGGA	GRMZM2G101547_T01	-20	4
